<?xml version="1.0" encoding="utf-8"?>
<RegistrySettings clsid="{A3CCFC41-DFDB-43a5-8D26-0FE8B954DA51}"><Registry clsid="{9CD4B2F4-923D-47f5-A062-E897DD1DAD50}" name="VisualFXSetting" status="VisualFXSetting" image="11" removePolicy="1" bypassErrors="1" changed="2019-02-12 20:45:15" uid="{EE2C5694-6ADB-4C11-ADB0-479B805545F0}"><Properties action="R" displayDecimal="1" default="0" hive="HKEY_CURRENT_USER" key="SOFTWARE\Microsoft\Windows\CurrentVersion\Explorer\VisualEffects" name="VisualFXSetting" type="REG_DWORD" value="00000002"/></Registry>
	<Collection clsid="{53B533F5-224C-47e3-B01B-CA3B3F3FF4BF}" name="Registry Wizard Values" status="Values generated by the Registry Wizard" changed="2019-02-12 20:35:28" uid="{409A1BA9-7056-4A9F-A4F0-46EEF02C2E11}"><Collection clsid="{53B533F5-224C-47e3-B01B-CA3B3F3FF4BF}" name="HKEY_CURRENT_USER"><Collection clsid="{53B533F5-224C-47e3-B01B-CA3B3F3FF4BF}" name="SOFTWARE"><Collection clsid="{53B533F5-224C-47e3-B01B-CA3B3F3FF4BF}" name="Microsoft"><Collection clsid="{53B533F5-224C-47e3-B01B-CA3B3F3FF4BF}" name="GameBar"><Registry clsid="{9CD4B2F4-923D-47f5-A062-E897DD1DAD50}" name="AllowAutoGameMode" descr="Wizard Generated Registry Item" image="11" status="AllowAutoGameMode" changed="2019-02-12 20:37:46" uid="{EABA3268-8DB6-45AA-9565-1B5A5AAE8E99}" desc="For Disabling Gaming Option" removePolicy="1" bypassErrors="1"><Properties action="R" displayDecimal="0" default="0" hive="HKEY_CURRENT_USER" key="SOFTWARE\Microsoft\GameBar" name="AllowAutoGameMode" type="REG_DWORD" value="00000001"/></Registry>
					</Collection>
				</Collection>
			</Collection>
		</Collection>
	</Collection>
</RegistrySettings>
