<BackupInst xmlns="http://www.microsoft.com/GroupPolicy/GPOOperations/Manifest"><GPOGuid><![CDATA[{A81EAF90-C308-44B3-BA8C-9CA0671A86F8}]]></GPOGuid><GPODomain><![CDATA[unicorn.org]]></GPODomain><GPODomainGuid><![CDATA[{4efd7482-d82c-47f3-a5d6-7df511a95f9b}]]></GPODomainGuid><GPODomainController><![CDATA[SVR1.unicorn.org]]></GPODomainController><BackupTime><![CDATA[2019-02-12T21:41:37]]></BackupTime><ID><![CDATA[{0100C081-1499-408F-88D4-E3C098786BDC}]]></ID><Comment><![CDATA[]]></Comment><GPODisplayName><![CDATA[w10v1809LockOutPolicy]]></GPODisplayName></BackupInst>
